{ 
    "_id" : ObjectId("603bd0084b5ccabb847bb0c2"), 
    "nombre" : "intel"
}
{ 
    "_id" : ObjectId("603bd0084b5ccabb847bb0c3"), 
    "nombre" : "AMD"
}
{ 
    "_id" : ObjectId("603bd0084b5ccabb847bb0c4"), 
    "nombre" : "logitech"
}
{ 
    "_id" : ObjectId("603bd0084b5ccabb847bb0c5"), 
    "nombre" : "Xiaomi"
}
{ 
    "_id" : ObjectId("603bd0084b5ccabb847bb0c6"), 
    "nombre" : "Apple"
}
{ 
    "_id" : ObjectId("603bd0084b5ccabb847bb0c7"), 
    "nombre" : "Microsoft"
}
{ 
    "_id" : ObjectId("603bd0084b5ccabb847bb0c8"), 
    "nombre" : "Huawei"
}
{ 
    "_id" : ObjectId("603bd0084b5ccabb847bb0c9"), 
    "nombre" : "Samsung"
}
{ 
    "_id" : ObjectId("603bd0084b5ccabb847bb0ca"), 
    "nombre" : "Panasonic"
}
{ 
    "_id" : ObjectId("603bd0084b5ccabb847bb0cb"), 
    "nombre" : "Sony"
}
