{ 
    "_id" : 1.0, 
    "nombre" : "tornillo pequeño"
}
{ 
    "_id" : 2.0, 
    "nombre" : "tornillo mediano"
}
{ 
    "_id" : 3.0, 
    "nombre" : "tornillo grande"
}
{ 
    "_id" : 4.0, 
    "nombre" : "tuerca pequeña"
}
{ 
    "_id" : 5.0, 
    "nombre" : "tuerca mediana"
}
{ 
    "_id" : 6.0, 
    "nombre" : "tuerca grande"
}
{ 
    "_id" : 7.0, 
    "nombre" : "rueda dentada pequeña"
}
{ 
    "_id" : 8.0, 
    "nombre" : "rueda dentada mediana"
}
{ 
    "_id" : 9.0, 
    "nombre" : "rueda dentada grande"
}
{ 
    "_id" : 10.0, 
    "nombre" : "correa pequeña"
}
