{ 
    "_id" : 1.0, 
    "ID_Proveedor" : 1.0, 
    "precio" : 10.0
}
{ 
    "_id" : 2.0, 
    "ID_Proveedor" : 1.0, 
    "precio" : 20.0
}
{ 
    "_id" : 3.0, 
    "ID_Proveedor" : 1.0, 
    "precio" : 30.0
}
{ 
    "_id" : 4.0, 
    "ID_Proveedor" : 1.0, 
    "precio" : 10.0
}
{ 
    "_id" : 5.0, 
    "ID_Proveedor" : 1.0, 
    "precio" : 20.0
}
{ 
    "_id" : 6.0, 
    "ID_Proveedor" : 1.0, 
    "precio" : 30.0
}
{ 
    "_id" : 7.0, 
    "ID_Proveedor" : 2.0, 
    "precio" : 50.0
}
{ 
    "_id" : 8.0, 
    "ID_Proveedor" : 2.0, 
    "precio" : 75.0
}
{ 
    "_id" : 9.0, 
    "ID_Proveedor" : 9.0, 
    "precio" : 100.0
}
{ 
    "_id" : 10.0, 
    "ID_Proveedor" : 8.0, 
    "precio" : 115.0
}
