{ 
    "_id" : ObjectId("603bd8354b5ccabb847bb112"), 
    "nomApels" : "Alberto Zambrano"
}
{ 
    "_id" : ObjectId("603bd8354b5ccabb847bb113"), 
    "nomApels" : "Luis Perez"
}
{ 
    "_id" : ObjectId("603bd8354b5ccabb847bb114"), 
    "nomApels" : "Ana Fernandez"
}
{ 
    "_id" : ObjectId("603bd8354b5ccabb847bb115"), 
    "nomApels" : "Raul Farfan"
}
{ 
    "_id" : ObjectId("603bd8354b5ccabb847bb116"), 
    "nomApels" : "Jose Lito"
}
{ 
    "_id" : ObjectId("603bd8354b5ccabb847bb117"), 
    "nomApels" : "Carlos Latre"
}
{ 
    "_id" : ObjectId("603bd8354b5ccabb847bb118"), 
    "nomApels" : "Kimberly Alvarez"
}
{ 
    "_id" : ObjectId("603bd8354b5ccabb847bb119"), 
    "nomApels" : "Ismael Gonzalez"
}
{ 
    "_id" : ObjectId("603bd8354b5ccabb847bb11a"), 
    "nomApels" : "Marco Rostagno"
}
{ 
    "_id" : ObjectId("603bd8354b5ccabb847bb11b"), 
    "nomApels" : "Kiko Caballero"
}
