{ 
    "_id" : ObjectId("603bd83b4b5ccabb847bb126"), 
    "cajero" : "Alberto Zambrano", 
    "maquina" : 1.0, 
    "producto" : "zapatos"
}
{ 
    "_id" : ObjectId("603bd83b4b5ccabb847bb127"), 
    "cajero" : "Luis Perez", 
    "maquina" : 2.0, 
    "producto" : "camisetas"
}
{ 
    "_id" : ObjectId("603bd83b4b5ccabb847bb128"), 
    "cajero" : "Ana Fernandez", 
    "maquina" : 3.0, 
    "producto" : "pantalones"
}
{ 
    "_id" : ObjectId("603bd83b4b5ccabb847bb129"), 
    "cajero" : "Raul Farfan", 
    "maquina" : 4.0, 
    "producto" : "gorras"
}
{ 
    "_id" : ObjectId("603bd83b4b5ccabb847bb12a"), 
    "cajero" : "Jose Lito", 
    "maquina" : 5.0, 
    "producto" : "chanclas"
}
{ 
    "_id" : ObjectId("603bd83b4b5ccabb847bb12b"), 
    "cajero" : "Carlos Latre", 
    "maquina" : 6.0, 
    "producto" : "collares"
}
{ 
    "_id" : ObjectId("603bd83b4b5ccabb847bb12c"), 
    "cajero" : "Kimberly Alvarez", 
    "maquina" : 7.0, 
    "producto" : "gafas"
}
{ 
    "_id" : ObjectId("603bd83b4b5ccabb847bb12d"), 
    "cajero" : "Ismael Gonzalez", 
    "maquina" : 8.0, 
    "producto" : "calcetines"
}
{ 
    "_id" : ObjectId("603bd83b4b5ccabb847bb12e"), 
    "cajero" : "Marco Rostagno", 
    "maquina" : 9.0, 
    "producto" : "cinturones"
}
{ 
    "_id" : ObjectId("603bd83b4b5ccabb847bb12f"), 
    "cajero" : "Kiko Caballero", 
    "maquina" : 10.0, 
    "producto" : "carteras"
}
