{ 
    "_id" : ObjectId("603bd31b4b5ccabb847bb0fe"), 
    "nombre" : "los juegos del hambre", 
    "calificacionEdad" : "+18"
}
{ 
    "_id" : ObjectId("603bd31b4b5ccabb847bb0ff"), 
    "nombre" : "la lista de schlinder", 
    "calificacionEdad" : "+18"
}
{ 
    "_id" : ObjectId("603bd31b4b5ccabb847bb100"), 
    "nombre" : "los miserables", 
    "calificacionEdad" : "+13"
}
{ 
    "_id" : ObjectId("603bd31b4b5ccabb847bb101"), 
    "nombre" : "torrente 2", 
    "calificacionEdad" : "+16"
}
{ 
    "_id" : ObjectId("603bd31b4b5ccabb847bb102"), 
    "nombre" : "Django", 
    "calificacionEdad" : "+18"
}
{ 
    "_id" : ObjectId("603bd31b4b5ccabb847bb103"), 
    "nombre" : "Matrix", 
    "calificacionEdad" : "+13"
}
{ 
    "_id" : ObjectId("603bd31b4b5ccabb847bb104"), 
    "nombre" : "la vida de PI", 
    "calificacionEdad" : "+13"
}
{ 
    "_id" : ObjectId("603bd31b4b5ccabb847bb105"), 
    "nombre" : "la guerra de los mundos", 
    "calificacionEdad" : "+16"
}
{ 
    "_id" : ObjectId("603bd31b4b5ccabb847bb106"), 
    "nombre" : "tadeo jones", 
    "calificacionEdad" : "todas las edades"
}
{ 
    "_id" : ObjectId("603bd31b4b5ccabb847bb107"), 
    "nombre" : "iron man", 
    "calificacionEdad" : "+13"
}
