{ 
    "_id" : ObjectId("603bd31e4b5ccabb847bb108"), 
    "pelicula" : "los juegos del hambre", 
    "sala" : "1"
}
{ 
    "_id" : ObjectId("603bd31e4b5ccabb847bb109"), 
    "pelicula" : "la lista de schlinder", 
    "sala" : "2"
}
{ 
    "_id" : ObjectId("603bd31e4b5ccabb847bb10a"), 
    "pelicula" : "los miserables", 
    "sala" : "3"
}
{ 
    "_id" : ObjectId("603bd31e4b5ccabb847bb10b"), 
    "pelicula" : "torrente 2", 
    "sala" : "4"
}
{ 
    "_id" : ObjectId("603bd31e4b5ccabb847bb10c"), 
    "pelicula" : "Django", 
    "sala" : "5"
}
{ 
    "_id" : ObjectId("603bd31e4b5ccabb847bb10d"), 
    "pelicula" : "Matrix", 
    "sala" : "6"
}
{ 
    "_id" : ObjectId("603bd31e4b5ccabb847bb10e"), 
    "pelicula" : "la vida de PI", 
    "sala" : "7"
}
{ 
    "_id" : ObjectId("603bd31e4b5ccabb847bb10f"), 
    "pelicula" : "la guerra de los mundos", 
    "sala" : "8"
}
{ 
    "_id" : ObjectId("603bd31e4b5ccabb847bb110"), 
    "pelicula" : "tadeo jones", 
    "sala" : "9"
}
{ 
    "_id" : ObjectId("603bd31e4b5ccabb847bb111"), 
    "pelicula" : "iron man", 
    "sala" : "10"
}
