{ 
    "_id" : "45642230", 
    "numSerie" : "0009", 
    "comienzo" : "2018-02-20 12:00:00", 
    "fin" : "2018-01-01 12:00:00"
}
{ 
    "_id" : "45643205", 
    "numSerie" : "0002", 
    "comienzo" : "2016-05-12 12:00:00", 
    "fin" : "2017-01-31 12:00:00"
}
{ 
    "_id" : "54647823", 
    "numSerie" : "0004", 
    "comienzo" : "2020-06-13 12:00:00", 
    "fin" : "2020-07-05 12:00:00"
}
{ 
    "_id" : "68826015", 
    "numSerie" : "0006", 
    "comienzo" : "2019-06-29 12:00:00", 
    "fin" : "2019-08-13 12:00:00"
}
